{
	"format_version": "1.8.0",
	"animations": {
		"animation.bone_spider.spit": {
			"loop": true,
			"animation_length": 2.13333,
			"bones": {
				"head": {
					"rotation": {
						"0.0": {
							"vector": [0, 0, 0]
						},
						"0.3": {
							"vector": [0, 0, 0]
						},
						"0.5667": {
							"vector": [-19.25126, 0, 0]
						},
						"1.0667": {
							"vector": [-20.2249, 0, 0]
						},
						"1.1667": {
							"vector": [8.38791, 0, 0]
						},
						"1.2333": {
							"vector": [8.38791, 0, 0]
						},
						"1.2667": {
							"vector": [0.7491, 0, 0]
						},
						"1.3333": {
							"vector": [0, 0, 0]
						},
						"2.1333": {
							"vector": [0, 0, 0]
						}
					},
					"position": {
						"0.0": {
							"vector": [0, 0, 0]
						},
						"0.3": {
							"vector": [0, 0, 0]
						},
						"0.5667": {
							"vector": [0, -0.75521, -0.2155]
						},
						"1.0667": {
							"vector": [0, -1.00289, -0.30201]
						},
						"1.1667": {
							"vector": [0, 0.74805, -0.05489]
						},
						"1.2333": {
							"vector": [0, 0.74805, -0.05489]
						},
						"1.2667": {
							"vector": [0, 0.55411, -0.04066]
						},
						"1.3333": {
							"vector": [0, 0, 0]
						},
						"2.1333": {
							"vector": [0, 0, 0]
						}
					}
				},
				"leg0": {
					"rotation": {
						"0.0": {
							"vector": [-21.63436, 30.80598, -39.56004]
						},
						"0.3": {
							"vector": [-21.63436, 30.80598, -39.56004]
						},
						"0.5667": {
							"vector": [-36.65499, 19.56494, -47.31122]
						},
						"1.0667": {
							"vector": [-38.86251, 18.3532, -47.17825]
						},
						"1.1667": {
							"vector": [-13.01144, 20.97894, -30.22341]
						},
						"1.2333": {
							"vector": [-13.45184, 25.35395, -31.34202]
						},
						"1.3333": {
							"vector": [-20.94909, 31.24995, -38.23066]
						},
						"1.4": {
							"vector": [-21.63436, 30.80598, -39.56004]
						},
						"1.5667": {
							"vector": [-21.63436, 30.80598, -39.56004]
						},
						"1.7": {
							"vector": [-20.99732, 27.90385, -38.26099]
						},
						"1.8333": {
							"vector": [-26.78131, 43.46566, -47.84765]
						},
						"1.9667": {
							"vector": [-21.63436, 30.80598, -39.56004]
						},
						"2.1333": {
							"vector": [-21.63436, 30.80598, -39.56004]
						}
					}
				},
				"leg1": {
					"rotation": {
						"0.0": {
							"vector": [-23.48309, -34.93159, 41.41031]
						},
						"0.3": {
							"vector": [-23.48309, -34.93159, 41.41031]
						},
						"0.5667": {
							"vector": [-37.57933, -23.20579, 49.62572]
						},
						"1.0667": {
							"vector": [-37.38688, -21.72115, 49.98854]
						},
						"1.1667": {
							"vector": [-12.43573, -29.77668, 31.6382]
						},
						"1.2333": {
							"vector": [-13.0222, -33.95176, 32.74837]
						},
						"1.3333": {
							"vector": [-22.59296, -35.46821, 39.86617]
						},
						"1.4": {
							"vector": [-23.48309, -34.93159, 41.41031]
						},
						"1.5667": {
							"vector": [-23.48309, -34.93159, 41.41031]
						},
						"1.7": {
							"vector": [-22.42755, -31.09756, 39.47422]
						},
						"1.8333": {
							"vector": [-25.5829, -40.83977, 44.82452]
						},
						"1.9667": {
							"vector": [-23.48309, -34.93159, 41.41031]
						},
						"2.1333": {
							"vector": [-23.48309, -34.93159, 41.41031]
						}
					}
				},
				"leg2": {
					"rotation": {
						"0.0": {
							"vector": [-9.24323, 15.63932, -34.61481]
						},
						"0.3": {
							"vector": [-9.24323, 15.63932, -34.61481]
						},
						"0.5667": {
							"vector": [-22.83346, 6.18266, -37.38735]
						},
						"1.0667": {
							"vector": [-24.65748, 5.16923, -36.65966]
						},
						"1.1667": {
							"vector": [-2.96331, 4.94821, -31.15479]
						},
						"1.2333": {
							"vector": [-2.99279, 9.43631, -31.39006]
						},
						"1.3333": {
							"vector": [-10.62981, 16.58437, -32.88741]
						},
						"1.4": {
							"vector": [-9.24323, 15.63932, -34.61481]
						},
						"1.5667": {
							"vector": [-9.24323, 15.63932, -34.61481]
						},
						"1.7": {
							"vector": [-9.50248, 20.45663, -35.45086]
						},
						"1.8333": {
							"vector": [-8.90961, 2.8897, -32.5556]
						},
						"1.9667": {
							"vector": [-9.24323, 15.63932, -34.61481]
						},
						"2.1333": {
							"vector": [-9.24323, 15.63932, -34.61481]
						}
					}
				},
				"leg3": {
					"rotation": {
						"0.0": {
							"vector": [-7.12946, -15.68246, 34.28052]
						},
						"0.3": {
							"vector": [-7.12946, -15.68246, 34.28052]
						},
						"0.5667": {
							"vector": [-19.46337, -6.31531, 37.37169]
						},
						"1.0667": {
							"vector": [-20.97881, -5.27288, 36.42823]
						},
						"1.1667": {
							"vector": [1.00669, -9.68345, 32.16557]
						},
						"1.2333": {
							"vector": [1.02256, -13.9629, 32.08815]
						},
						"1.3333": {
							"vector": [-6.12873, -15.84808, 32.86622]
						},
						"1.4": {
							"vector": [-7.12946, -15.68246, 34.28052]
						},
						"1.5667": {
							"vector": [-7.12946, -15.68246, 34.28052]
						},
						"1.7": {
							"vector": [-7.32234, -20.35653, 34.90352]
						},
						"1.8333": {
							"vector": [-7.12946, -15.68246, 34.28052]
						},
						"2.1333": {
							"vector": [-7.12946, -15.68246, 34.28052]
						}
					}
				},
				"leg4": {
					"rotation": {
						"0.0": {
							"vector": [11.79089, -19.2628, -35.40873]
						},
						"0.3": {
							"vector": [11.79089, -19.2628, -35.40873]
						},
						"0.5667": {
							"vector": [-4.49488, -27.93409, -27.58406]
						},
						"1.0667": {
							"vector": [-7.32894, -28.58181, -25.343]
						},
						"1.1667": {
							"vector": [19.14757, -29.32836, -42.22538]
						},
						"1.2333": {
							"vector": [18.40376, -25.07303, -40.59938]
						},
						"1.3333": {
							"vector": [11.17446, -19.55488, -33.55499]
						},
						"1.4": {
							"vector": [11.79089, -19.2628, -35.40873]
						},
						"1.5667": {
							"vector": [11.79089, -19.2628, -35.40873]
						},
						"1.7": {
							"vector": [11.71166, -18.13773, -35.16165]
						},
						"1.8333": {
							"vector": [11.33177, -10.96829, -33.65281]
						},
						"1.9667": {
							"vector": [11.79089, -19.2628, -35.40873]
						},
						"2.1333": {
							"vector": [11.79089, -19.2628, -35.40873]
						}
					}
				},
				"leg5": {
					"rotation": {
						"0.0": {
							"vector": [9.69689, 19.11957, 35.00872]
						},
						"0.3": {
							"vector": [9.69689, 19.11957, 35.00872]
						},
						"0.5667": {
							"vector": [-5.92736, 27.97687, 27.94189]
						},
						"1.0667": {
							"vector": [-7.18564, 28.64329, 25.51178]
						},
						"1.1667": {
							"vector": [19.28033, 24.80398, 40.29372]
						},
						"1.2333": {
							"vector": [18.69522, 20.75649, 38.78361]
						},
						"1.3333": {
							"vector": [9.20729, 19.30771, 33.56999]
						},
						"1.4": {
							"vector": [9.69689, 19.11957, 35.00872]
						},
						"1.5667": {
							"vector": [9.69689, 19.11957, 35.00872]
						},
						"1.7": {
							"vector": [9.86424, 21.7264, 35.48819]
						},
						"1.8333": {
							"vector": [9.36831, 12.13242, 33.79116]
						},
						"1.9667": {
							"vector": [9.69689, 19.11957, 35.00872]
						},
						"2.1333": {
							"vector": [9.69689, 19.11957, 35.00872]
						}
					}
				},
				"leg6": {
					"rotation": {
						"0.0": {
							"vector": [25.92182, -35.0951, -41.95155]
						},
						"0.3": {
							"vector": [25.92182, -35.0951, -41.95155]
						},
						"0.5667": {
							"vector": [5.66564, -45.42065, -27.71735]
						},
						"1.0667": {
							"vector": [1.07864, -46.15939, -23.2713]
						},
						"1.1667": {
							"vector": [39.56448, -42.05985, -56.32853]
						},
						"1.2333": {
							"vector": [37.1969, -38.53541, -52.6703]
						},
						"1.3333": {
							"vector": [25.13896, -35.62206, -40.59879]
						},
						"1.4": {
							"vector": [25.92182, -35.0951, -41.95155]
						},