{
	"format_version": "1.8.0",
	"animations": {
		"animation.bouldering_zombie.climbexit": {
			"loop": true,
			"animation_length": 1.3,
			"bones": {
				"leftArm": {
					"rotation": {
						"0.0": {
							"vector": [-29.78282, -0.78642, -105.5047]
						},
						"0.2": {
							"vector": [1.81584, 0, -94.61691]
						},
						"0.35": {
							"vector": [25.99635, 0, -116.8584]
						},
						"0.55": {
							"vector": [31.35201, 0, -129.7239]
						},
						"0.6": {
							"vector": [-14.86868, 10.86976, -145.2166]
						},
						"0.65": {
							"vector": [-115.9209, -12.68252, 17.96239]
						},
						"0.7": {
							"vector": [-103.2483, -13.22813, 14.40114]
						},
						"0.85": {
							"vector": [-80.71207, -13.42096, 0.98793]
						},
						"0.9": {
							"vector": [-71.87515, -13.87605, 1.30795]
						},
						"0.95": {
							"vector": [-63.66383, -13.85397, 0.99697]
						},
						"1.0": {
							"vector": [-49.86349, -13.69942, 0.22]
						},
						"1.05": {
							"vector": [-36.86189, -13.27993, -0.78901]
						},
						"1.1": {
							"vector": [-20.80901, -12.46302, -1.79609]
						},
						"1.15": {
							"vector": [-11.83036, -3.38364, -3.33275]
						},
						"1.2": {
							"vector": [-48.40118, -7.24058, -6.38457]
						},
						"1.25": {
							"vector": [-88.86612, -3.62029, -3.19228]
						},
						"1.3": {
							"vector": [-90, 0, 0]
						}
					},
					"position": {
						"0.0": {
							"vector": [1.06319, -1.65356, 0.00805]
						},
						"0.2": {
							"vector": [1.24493, -0.10707, 2.63779]
						},
						"0.35": {
							"vector": [1.46673, 0.89666, 3.99838]
						},
						"0.55": {
							"vector": [1.77022, 0.89666, 4.45389]
						},
						"0.6": {
							"vector": [2.72377, 1.129, 0]
						},
						"0.65": {
							"vector": [0.1087, 1.19674, 0.34605]
						},
						"0.7": {
							"vector": [0.1087, 1.19674, 0.34605]
						},
						"0.8": {
							"vector": [0.02818, 1.87088, 0.16783]
						},
						"0.85": {
							"vector": [0, 1.00875, -0.07323]
						},
						"0.9": {
							"vector": [0, 0.2732, -0.2316]
						},
						"0.95": {
							"vector": [0, -1.21457, -0.45294]
						},
						"1.0": {
							"vector": [0, -1.84817, -1.56503]
						},
						"1.05": {
							"vector": [0, -2.89872, -2.96874]
						},
						"1.1": {
							"vector": [0, -4.37788, -2.95614]
						},
						"1.15": {
							"vector": [0, -5.50909, -3.77051]
						},
						"1.2": {
							"vector": [0, -2.09569, -3.24291]
						},
						"1.3": {
							"vector": [0, 0, 0]
						}
					},
					"scale": {
						"vector": [1, 1, 1]
					}
				}
			}
		},
		"animation.bouldering_zombie.climbprep": {
			"loop": true,
			"animation_length": 1.15,
			"bones": {
				"rightLeg": {
					"rotation": {
						"0.0": {
							"vector": [0, 0, 0]
						},
						"0.35": {
							"vector": [28.25402, 0, 0]
						},
						"0.6": {
							"vector": [0, 0, 0]
						},
						"0.85": {
							"vector": [0, 0, 0]
						},
						"1.0": {
							"vector": [-28.29784, -1.65699, 6.80775]
						},
						"1.15": {
							"vector": [-28.29784, -1.65699, 6.80775]
						}
					},
					"position": {
						"0.0": {
							"vector": [0, 0, 0]
						},
						"1.15": {
							"vector": [0, 0, 0]
						}
					},
					"scale": {
						"0.0": {
							"vector": [1, 1, 1]
						},
						"1.15": {
							"vector": [1, 1, 1]
						}
					}
				},
				"leftLeg": {
					"rotation": {
						"0.0": {
							"vector": [0, 0, 0]
						},
						"0.4": {
							"vector": [-28.70573, 0, 0]
						},
						"0.7": {
							"vector": [0, 0, 0]
						},
						"0.95": {
							"vector": [0, 0, 0]
						},
						"1.0": {
							"vector": [-15.804, -0.29693, -12.20631]
						},
						"1.1": {
							"vector": [-30.08909, -1.14529, -47.08147]
						},
						"1.15": {
							"vector": [-30.08909, -1.14529, -47.08147]
						}
					},
					"position": {
						"0.0": {
							"vector": [0, 0, 0]
						},
						"1.1": {
							"vector": [0, 0, 0]
						},
						"1.15": {
							"vector": [0, 0, 0]
						}
					},
					"scale": {
						"0.0": {
							"vector": [1, 1, 1]
						},
						"1.15": {
							"vector": [1, 1, 1]
						}
					}
				},
				"head": {
					"rotation": {
						"0.3": {
							"vector": [0, 0, 0]
						},
						"0.45": {
							"vector": [11.66181, 0, 0]
						},
						"0.55": {
							"vector": [0, 0, 0]
						},
						"0.6": {
							"vector": [-7.30021, 0, 0]
						},
						"0.75": {
							"vector": [-28.29572, 0, 0]
						},
						"0.85": {
							"vector": [-17.73383, 0, 0]
						},
						"0.95": {
							"vector": [1.18662, 0, 0]
						},
						"1.15": {
							"vector": [-35.75544, 0, 0]
						}
					},
					"position": {
						"0.3": {
							"vector": [0, 0, 0]
						},
						"1.15": {
							"vector": [0, 0, 0]
						}
					},
					"scale": {
						"0.3": {
							"vector": [1, 1, 1]
						},
						"1.15": {
							"vector": [1, 1, 1]
						}
					}
				},
				"torso": {
					"rotation": {
						"0.0": {
							"vector": [0, 0, 0]
						},
						"0.15": {
							"vector": [0, 0, 0]
						},
						"0.35": {
							"vector": [8.41754, -0.04071, 0.01322]
						},
						"0.7": {
							"vector": [-13.44107, -0.13547, 0.04397]
						},
						"0.8": {
							"vector": [-8.95311, 0, 0]
						},
						"0.9": {
							"vector": [0, 0, 0]
						},
						"1.15": {
							"vector": [0, 0, 0]
						}
					},
					"position": {
						"0.0": {
							"vector": [0, 0, 0]
						},
						"1.15": {
							"vector": [0, 0, 0]
						}
					},
					"scale": {
						"0.0": {
							"vector": [1, 1, 1]
						},
						"1.15": {
							"vector": [1, 1, 1]
						}
					}
				},
				"rightArm": {
					"rotation": {
						"0.0": {
							"vector": [-90, 0, 0]
						},
						"0.15": {
							"vector": [-90, 0, 0]
						},
						"0.45": {
							"vector": [1.36251, -9.65498, 97.62791]
						},
						"0.6": {
							"vector": [28.23821, 6.96194, 112.0563]
						},
						"0.7": {
							"vector": [35.69038, 7.35914, 117.2821]
						},
						"0.75": {
							"vector": [36.80959, 5.03775, 119.1113]
						},
						"0.9": {
							"vector": [-23.85798, -1.41044, 147.1669]
						},
						"1.15": {
							"vector": [-23.85798, -1.87336, 147.1669]
						}
					},
					"position": {
						"0.0": {
							"vector": [0, 0, 0]
						},
						"0.15": {
							"vector": [0, 0, 0]
						},
						"0.45": {
							"vector": [-0.7724, -2.077, 1.23069]
						},
						"0.6": {
							"vector": [-1.42191, -1.78297, 3.24024]
						},
						"0.7": {
							"vector": [-1.80941, -1.47014, 3.9377]
						},
						"0.75": {
							"vector": [-1.9661, -1.25022, 3.96902]
						},
						"0.9": {
							"vector": [-2.19431, 1.52468, -1.07058]
						},
						"1.15": {
							"vector": [-2.19431, 1.52468, -1.07058]
						}
					},
					"scale": {
						"0.0": {
							"vector": [1, 1, 1]
						},
						"1.15": {
							"vector": [1, 1, 1]
						}
					}
				},
				"leftArm": {
					"rotation": {
						"0.0": {
							"vector": [-90, 0, 0]
						},
						"0.2": {
							"vector": [-90, 0, 0]
						},
						"0.3": {
							"vector": [-48.27543, -10.20941, -50.9085]
						},
						"0.4": {
							"vector": [10.05595, 19.6605, -91.49026]
						},
						"0.6": {
							"vector": [25.99654, -1.45561, -112.2684]
						},
						"0.85": {
							"vector": [46.42076, 1.83016, -136.341]
						},
						"0.95": {
							"vector": [-27.91543, 2.64264, -140.0463]
						},
						"1.15": {
							"vector": [-27.91543, 2.64264, -140.0463]
						}
					},
					"position": {
						"0.0": {
							"vector": [0, 0, 0]
						},
						"0.1": {
							"vector": [0, 0, 0]
						},
						"0.2": {
							"vector": [0, 0, -0.42433]
						},
						"0.3": {
							"vector": [0.71892, -1.34075, -1.42111]
						},
						"0.4": {
							"vector": [1.43785, -1.8049, 0.18854]
						},
						"0.6": {
							"vector": [0.61175, -1.47715, 3.10346]
						},
						"0.75": {
							"vector": [0.07558, -1.29793, 4.39556]
						},