{
	"format_version": "1.8.0",
	"animations": {
		"animation.lobber_zombie.throw": {
			"loop": "hold_on_last_frame",
			"animation_length": 0.85,
			"bones": {
				"rightLeg": {
					"rotation": {
						"0.0": {
							"vector": [0, 0, 0]
						},
						"0.35": {
							"vector": [0, 0, 0]
						}
					},
					"position": {
						"0.0": {
							"vector": [0, 0, 0]
						},
						"0.35": {
							"vector": [0, 0, 0]
						}
					},
					"scale": {
						"0.0": {
							"vector": [1, 1, 1]
						},
						"0.35": {
							"vector": [1, 1, 1]
						}
					}
				},
				"leftLeg": {
					"rotation": {
						"0.0": {
							"vector": [0, 0, 0]
						},
						"0.2": {
							"vector": [-13.43082, -0.39647, -6.5314]
						},
						"0.35": {
							"vector": [-15.71169, -0.87719, -8.54611]
						},
						"0.45": {
							"vector": [17.68375, 1.12876, -3.13594]
						},
						"0.6": {
							"vector": [19.79396, 1.19224, -3.31232]
						},
						"0.7": {
							"vector": [0, 0, 0]
						}
					},
					"position": {
						"0.0": {
							"vector": [0, 0, 0]
						},
						"0.7": {
							"vector": [0, 0, 0]
						}
					},
					"scale": {
						"0.0": {
							"vector": [1, 1, 1]
						},
						"0.7": {
							"vector": [1, 1, 1]
						}
					}
				},
				"head": {
					"rotation": {
						"0.0": {
							"vector": [0, 0, 0]
						},
						"0.2": {
							"vector": [11.33298, 9.5066, -2.52568]
						},
						"0.35": {
							"vector": [11.31502, 8.95494, -2.6376]
						},
						"0.45": {
							"vector": [-17.02799, -0.7815, -4.39002]
						},
						"0.55": {
							"vector": [-10.85526, -0.29064, -1.82766]
						},
						"0.65": {
							"vector": [2.33553, -0.00587, -2.37063]
						},
						"0.8": {
							"vector": [0, 0, 0]
						}
					},
					"position": {
						"0.0": {
							"vector": [0, 0, 0]
						},
						"0.8": {
							"vector": [0, 0, 0]
						}
					},
					"scale": {
						"0.0": {
							"vector": [1, 1, 1]
						},
						"0.8": {
							"vector": [1, 1, 1]
						}
					}
				},
				"rightArm": {
					"rotation": {
						"0.0": {
							"vector": [-82.88087, 0, 0]
						},
						"0.2": {
							"vector": [12.07225, 10.24234, 2.27826]
						},
						"0.35": {
							"vector": [16.02733, 10.24234, 2.27826]
						},
						"0.5": {
							"vector": [10.01893, 10.24234, 2.27826]
						},
						"0.65": {
							"vector": [-0.67754, 10.24234, 2.27826]
						},
						"0.85": {
							"vector": [-82.88087, 0, 0]
						}
					},
					"position": {
						"0.0": {
							"vector": [0, 0, 0]
						},
						"0.85": {
							"vector": [0, 0, 0]
						}
					},
					"scale": {
						"0.0": {
							"vector": [1, 1, 1]
						},
						"0.85": {
							"vector": [1, 1, 1]
						}
					}
				},
				"leftArm": {
					"rotation": {
						"0.0": {
							"vector": [-82.88087, 0, 0]
						},
						"0.2": {
							"vector": [-213.9977, -1.94754, 7.32424]
						},
						"0.35": {
							"vector": [-214.0462, 0.20309, 10.50943]
						},
						"0.4": {
							"vector": [-131.4112, -6.44855, 19.09834]
						},
						"0.45": {
							"vector": [-48.33255, 14.00168, 6.00408]
						},
						"0.55": {
							"vector": [-49.05333, 10.17282, 2.5649]
						},
						"0.8": {
							"vector": [-82.88087, 0, 0]
						}
					},
					"position": {
						"0.0": {
							"vector": [0, 0, 0]
						},
						"0.2": {
							"vector": [0.50836, 3.80884, -0.54843]
						},
						"0.35": {
							"vector": [0.55474, 4.24923, -0.25002]
						},
						"0.45": {
							"vector": [-0.20362, -0.66441, -0.75671]
						},
						"0.55": {
							"vector": [-0.23594, -0.94136, -1.0788]
						},
						"0.8": {
							"vector": [0, 0, 0]
						}
					},
					"scale": {
						"0.0": {
							"vector": [1, 1, 1]
						},
						"0.8": {
							"vector": [1, 1, 1]
						}
					}
				},
				"torso": {
					"rotation": {
						"0.0": {
							"vector": [0, 0, 0]
						},
						"0.2": {
							"vector": [-14.23567, -15.25018, -0.29713]
						},
						"0.35": {
							"vector": [-15.74529, -16.32645, 0.40633]
						},
						"0.45": {
							"vector": [9.11476, 2.39119, 0.38352]
						},
						"0.55": {
							"vector": [9.13201, 4.2435, 0.68147]
						},
						"0.65": {
							"vector": [0, 0, 0]
						}
					},
					"position": {
						"0.0": {
							"vector": [0, 0, 0]
						},
						"0.65": {
							"vector": [0, 0, 0]
						}
					},
					"scale": {
						"0.0": {
							"vector": [1, 1, 1]
						},
						"0.65": {
							"vector": [1, 1, 1]
						}
					}
				},
				"body": {
					"rotation": {
						"0.0": {
							"vector": [0, 0, 0]
						},
						"0.35": {
							"vector": [0, 0, 0]
						}
					},
					"position": {
						"0.0": {
							"vector": [0, 0, 0]
						},
						"0.35": {
							"vector": [0, 0, 0]
						}
					},
					"scale": {
						"0.0": {
							"vector": [1, 1, 1]
						},
						"0.35": {
							"vector": [1, 1, 1]
						}
					}
				},
				"root": {
					"rotation": {
						"0.0": {
							"vector": [0, 0, 0]
						},
						"0.35": {
							"vector": [0, 0, 0]
						}
					},
					"position": {
						"0.0": {
							"vector": [0, 0, 0]
						},
						"0.35": {
							"vector": [0, 0, 0]
						}
					},
					"scale": {
						"0.0": {
							"vector": [1, 1, 1]
						},
						"0.35": {
							"vector": [1, 1, 1]
						}
					}
				}
			},
			"sound_effects": {
				"0.0": {
					"effect": "throw"
				}
			}
		},
		"animation.zombie.attack_bare_hand": {
			"loop": true,
			"animation_length": 4.33333,
			"bones": {
				"leftArm": {
					"rotation": {
						"vector": ["-90.0 - ((math.sin(variable.attack_time * 180.0) * 57.3) * 1.2 - (math.sin((1.0 - (1.0 - variable.attack_time) * (1.0 - variable.attack_time)) * 180.0) * 57.3) * 0.4) - (math.sin(query.life_time * 76.776372) * 2.865) - this", "5.73 - ((math.sin(variable.attack_time * 180.0) * 57.3) * 0.6) - this", "math.cos(query.life_time * 103.13244) * -2.865 - 2.865 - this"]
					}
				},
				"rightArm": {
					"rotation": {
						"vector": ["90.0 * (variable.is_brandishing_spear - 1.0) - ((math.sin(variable.attack_time * 180.0) * 57.3) * 1.2 - (math.sin((1.0 - (1.0 - variable.attack_time) * (1.0 - variable.attack_time)) * 180.0) * 57.3) * 0.4) + (math.sin(query.life_time * 76.776372) * 2.865) - this", "(math.sin(variable.attack_time * 180.0) * 57.3) * 0.6 - 5.73 - this", "math.cos(query.life_time * 103.13244) * 2.865 + 2.865 - this"]
					}
				}
			}
		}
	},
	"geckolib_format_version": 2
}